4.9392,3.3237,2.7229,2.7878,2.2267,2.8684,1.9078,2.0680,2.9376,2.0361,3.3068,2.6406,2.7464,2.7087,2.8975,2.4126,2.1287,2.3898,2.6501,3.0356,2.4106,4.0988,4.4763,6.0020,5.4648,4.7172,5.0820,5.3894,5.6110,6.0157,4.5410,5.5432,6.1132,4.2014,2.9746,4.1640,4.8640,4.3321,4.4137,2.7152,1.4640,2.1408,2.4976,1.7466,0.9603,1.7240,1.6797,3.5064,3.6673,3.6349,3.4718,3.8019,4.3623,3.9812,4.7327,4.4389,4.4779,4.1407,4.8801,4.6354,4.4567,5.5864,5.7437,5.5439,6.7927
3.3945,3.1658,3.7890,3.4378,2.5975,1.9508,2.0790,1.7103,2.7533,2.1258,2.4902,2.6502,2.4117,2.0093,2.7072,2.9331,3.0340,2.2874,3.5871,3.4232,3.4643,3.4154,5.1227,6.2239,5.3495,5.0062,3.9204,4.1509,4.8577,5.6055,5.2979,4.9955,5.2698,4.0867,4.0442,5.0547,4.1660,3.4723,3.2847,2.5060,2.3028,2.3522,2.6983,2.2790,2.5332,2.4161,3.2428,3.6591,4.2180,4.1322,2.8858,2.5451,4.0187,3.6537,3.2808,4.2036,3.9403,3.6576,4.3164,4.6961,4.2209,4.5498,5.5357,5.6618,5.4954
2.3555,2.6995,2.9264,2.8431,3.8792,2.4085,2.2774,1.6433,1.8764,2.1718,2.5051,2.7737,2.5217,3.3343,4.1067,3.1314,3.6501,3.5218,3.1899,3.3732,3.4711,4.2428,4.5096,5.0523,4.1552,4.1449,3.6045,3.5740,4.0614,5.5571,4.8713,5.8661,5.8960,3.9557,4.1594,4.8571,3.3534,3.5925,2.9059,2.3827,3.4543,2.6397,3.2582,3.1604,3.5059,3.6071,4.8786,3.9208,4.0871,3.9272,2.9017,3.3150,4.1045,3.7768,4.1289,3.4218,3.5611,2.9948,5.8231,4.6162,4.3678,4.1218,4.5000,4.9390,5.8559
2.3548,2.5165,2.9093,3.4125,3.1894,3.5054,2.8564,3.2164,2.7781,2.5391,2.1556,2.7182,2.3199,1.8028,2.8084,2.1711,2.7660,2.7077,2.3947,2.7892,3.7894,4.0778,4.4084,4.5691,4.5647,4.4080,3.8430,2.9476,2.3530,4.1966,4.4235,5.2616,4.7752,4.7448,4.1025,4.8020,3.3103,3.1137,3.2867,3.1373,2.5980,2.6159,3.5153,3.9545,4.7962,4.1216,4.8803,3.9895,4.2093,3.9124,3.5810,3.5140,3.8298,3.6324,3.1090,3.2830,3.7657,3.9840,3.9229,3.7966,4.7572,4.7480,4.7415,4.0017,6.1041
2.5828,2.7489,2.7363,2.9730,2.3594,3.2979,2.8715,2.0145,3.7890,2.9018,2.7269,1.8678,2.0785,2.5407,1.8618,1.4955,2.5736,2.2195,1.3011,2.8631,4.4779,4.4367,5.0484,4.3746,4.2408,3.6459,3.7101,2.7745,2.3039,3.6653,3.9873,5.0227,4.9823,4.6656,3.5884,3.4813,2.7777,3.3004,3.9256,3.6225,2.8022,3.2402,2.9074,3.8404,5.5869,3.6107,4.5283,4.5981,4.7154,4.3950,4.4049,2.6209,3.4870,3.1434,2.5259,3.4095,3.6722,3.8916,4.4301,4.9367,5.9234,5.2923,4.7254,4.8113,5.3923
2.2262,3.6168,2.5932,2.6060,2.5991,1.2812,1.9446,2.2420,2.8074,2.9266,2.8201,3.5149,3.1540,2.9792,1.5616,0.9855,0.9829,1.0954,1.4782,2.8872,3.7814,4.3146,3.7567,3.7009,3.1478,3.3193,3.4236,3.4712,2.7903,3.2645,4.6567,3.2128,4.4979,4.4257,4.0683,3.5508,3.8853,3.8388,3.3450,3.2552,2.7504,3.4775,3.3561,1.9109,3.2979,3.4496,4.0258,4.1440,3.7505,3.4294,3.9434,4.0052,3.5989,3.8639,2.5882,3.4625,3.4501,4.5516,4.8541,4.6612,4.5792,4.4100,5.1736,4.9789,5.4893
3.8468,2.3984,4.0940,2.6894,2.0537,1.3797,1.3170,2.2440,4.0907,4.0033,3.9613,3.8059,3.1564,2.8319,2.5302,1.0933,0.6249,0.9426,1.9497,2.1989,3.4587,2.7606,3.2703,3.5996,4.1584,4.3075,3.4332,3.2207,3.7155,4.0751,4.7804,3.3771,3.6337,3.8648,4.0280,3.2125,3.6485,3.8367,4.1130,3.0861,3.1464,1.9856,1.4479,1.6562,3.3125,3.1994,2.9396,3.0536,3.4094,3.2847,2.4303,2.5438,3.4303,3.6408,3.7807,4.1283,3.9225,4.4166,4.6023,5.5073,5.4359,4.9101,6.3267,5.0310,4.3716
2.9233,2.7225,2.7783,2.5474,1.7087,-0.1532,2.4328,2.2954,2.5548,2.8033,3.7434,2.4218,3.6153,3.2945,2.1264,1.7206,1.5741,1.6126,1.2737,1.1252,2.0800,1.7988,3.3802,4.1861,4.7987,4.6681,3.2096,3.9391,3.3221,3.2049,3.2356,3.3153,3.2676,4.1732,2.9984,2.8756,3.2460,3.8370,2.5768,2.7568,2.6331,1.3713,2.0188,1.8758,2.2785,2.9343,2.1759,1.3363,2.7663,2.6296,2.3004,3.1591,3.0930,3.8279,2.9464,3.6113,4.1928,4.5995,4.4492,5.5096,5.8121,5.6045,5.8597,5.0788,4.9632
4.1796,2.8106,1.2754,1.4354,0.7420,0.9800,1.6437,1.3964,0.9122,1.5598,2.3506,2.6730,3.7142,2.6716,2.2894,1.8345,1.0171,0.2961,-0.2728,0.5016,1.5568,2.3616,3.9415,3.9587,5.1047,4.8548,3.8728,3.6766,4.7120,2.9893,3.6811,2.6846,2.9680,3.4917,3.6820,2.7932,1.9272,2.3280,2.2596,2.4578,2.5976,1.2670,1.1703,1.0501,2.0761,2.4404,2.3963,2.6622,2.7214,3.1012,2.7844,2.8594,1.9346,2.8695,3.6494,3.6382,4.6320,3.7159,4.2280,5.2752,4.9959,4.7871,5.9132,5.5968,5.1381
2.8724,2.4559,2.5016,0.9516,0.3093,1.6285,1.5089,0.1911,0.8915,1.6986,2.1411,1.8753,2.6073,2.8094,2.6855,1.4636,0.7780,-0.0508,0.2124,0.9238,0.9508,2.2092,3.7244,3.9410,4.0037,4.4675,4.4627,6.1601,4.6252,4.2078,4.0043,2.7669,3.1072,3.2624,4.5914,4.3209,2.4849,2.3168,1.5911,2.1946,2.1205,1.5347,1.3892,0.4015,1.1502,2.0243,2.4489,3.2618,2.8415,2.8460,2.8808,2.4132,2.8374,3.2323,3.1780,3.1912,3.8003,4.2919,4.1471,4.7482,4.9247,5.7882,5.0646,5.3278,4.9393
2.6679,1.9850,1.5704,0.4172,0.8273,1.0218,0.6106,0.3867,0.5082,0.4617,2.8396,2.6221,1.6678,2.9057,1.7940,1.2848,1.0430,-0.9478,-0.1787,1.2401,1.1844,1.7307,3.0811,3.2595,3.1091,3.0695,3.8563,4.3861,3.0636,3.8052,2.9501,2.6177,3.0737,3.2829,4.9473,4.1579,2.6640,2.2579,2.2304,1.9013,1.3731,1.4366,1.5322,0.7823,0.2838,0.9629,1.8636,2.3888,2.6508,2.3809,3.3272,3.1644,2.7785,3.7017,3.9230,2.9000,3.5881,3.5156,4.2009,4.8933,5.0063,5.3049,5.8394,5.2213,4.6993
1.3991,1.1278,1.1547,0.5671,0.6813,0.7023,-0.2001,-0.1872,-0.4359,-0.1478,0.3521,2.2504,1.1665,0.9398,0.2557,-0.2599,-0.2914,-0.9809,0.0272,0.3006,1.2584,1.6900,1.8167,2.5802,2.2848,1.7010,3.1274,2.3322,3.3313,2.6485,2.8579,2.2395,2.8129,4.0959,4.5742,4.3463,2.9357,2.0065,1.8514,1.7703,1.7211,0.7030,2.0361,0.9879,-0.2466,0.4997,1.2783,1.2610,1.3865,2.0168,3.3807,3.0592,4.1865,3.8192,3.1133,3.4630,2.7433,2.6625,2.9708,3.5965,4.3251,4.0238,4.0617,4.4251,3.4647
0.2586,1.0176,1.5563,1.1354,1.4053,0.8783,1.0243,-0.4507,-0.2774,-0.5574,0.1326,1.2449,0.2116,0.0257,-1.6067,-0.9950,-2.1085,-1.1073,-0.5528,1.1560,1.6970,1.4809,0.8684,1.2902,1.8915,2.5215,1.8928,2.3656,1.9525,3.0563,2.6210,3.1575,2.6860,3.3435,4.2696,3.4890,3.3477,2.8902,1.6886,1.6031,3.2785,2.5793,3.5187,1.4210,-0.5219,0.8359,1.3139,1.8543,1.7783,1.7742,3.1996,3.6602,4.2975,3.3898,3.3487,3.7199,3.0299,2.7725,3.0053,3.4780,3.7959,3.8704,4.2667,3.7519,3.1509
1.1920,1.8693,0.8049,1.1033,0.6308,0.5603,0.2403,-0.2671,-0.7844,-1.7088,-0.8008,-0.5600,-0.4957,-1.2805,-1.7119,-1.5821,-2.1628,-1.6422,-0.1355,0.7552,0.9190,1.8941,1.0575,1.0982,1.3274,2.0160,1.6410,1.8577,2.0791,3.7832,2.6747,3.7186,3.2340,4.4343,2.8500,2.5090,2.4392,1.8385,1.9024,2.5829,2.1500,2.2781,2.5204,0.1374,0.4952,0.8942,1.4084,1.9355,0.6314,1.4899,2.7209,3.6055,4.0512,3.4362,3.2928,3.8207,3.1883,3.4502,3.0502,3.3526,3.9676,3.5295,3.5418,3.0960,3.0819
0.5119,0.9466,1.4667,0.7673,0.1604,1.0432,-0.8127,-0.8730,-2.6176,-1.4633,-1.3135,-1.7700,-1.8899,-2.4970,-2.3915,-2.1608,-2.6430,-2.1763,-1.4738,0.0603,1.4554,0.8392,0.5021,2.0229,2.6382,3.0411,3.5646,2.1371,1.6865,3.2284,3.3959,3.4400,3.0022,3.4099,2.9795,2.6973,2.5872,0.9396,1.8823,1.9040,1.7189,2.0612,1.2655,0.8963,1.3054,1.4216,2.2142,1.6064,0.2805,1.6503,2.7766,3.1101,3.1736,3.2761,2.8496,3.3846,4.3240,3.8535,3.4167,2.4493,2.9359,2.6111,3.4050,3.4395,3.7176
0.4919,0.4172,0.5135,1.0297,0.2210,0.5012,-1.0460,-1.4981,-2.2738,-2.0377,-1.6653,-2.3379,-2.9599,-4.1004,-2.8419,-3.0433,-3.5710,-2.8579,-1.8910,-0.0308,0.8699,0.0992,1.2504,2.0558,3.8314,3.7308,3.0686,3.0430,3.0722,2.4222,2.0729,2.6284,2.5394,3.3608,3.1573,2.6469,1.2122,0.7693,0.8321,1.5326,1.1703,1.3409,1.5309,1.3725,0.3540,0.7488,1.2767,1.4949,1.3185,1.0812,1.1777,2.0610,2.8958,3.0408,2.8346,3.5682,3.0266,2.7944,2.3399,2.4772,3.3297,3.5194,3.1679,2.8917,3.5186
0.8939,0.9062,1.0123,1.4155,0.0607,1.0436,0.3387,-1.4730,-2.1912,-2.5006,-1.4966,-2.3591,-4.2233,-3.7005,-3.7462,-3.6006,-5.1195,-3.5998,-2.7624,-1.6628,-0.9573,0.6570,0.6149,1.6469,2.4892,3.5518,3.2055,2.9212,1.3946,2.3001,2.4310,2.6985,1.9220,2.2033,2.8727,2.5656,1.7426,0.4003,0.9255,0.6219,0.8901,1.2610,1.0608,0.7539,0.6362,0.4209,1.2921,0.4327,-0.0998,0.2802,-0.3850,1.3545,2.2987,1.6955,1.8979,1.8337,2.5649,3.1594,2.6212,2.6629,2.5349,3.2397,3.1087,3.4235,3.8059
0.4857,0.1738,1.1911,1.5923,0.5236,-0.0777,0.2849,-0.3554,-0.9370,-1.3936,-1.5889,-1.8663,-2.9068,-4.0514,-4.0509,-2.9738,-2.6173,-2.8098,-2.4593,-1.6660,-1.1624,0.6469,0.5896,0.7680,1.6745,2.2316,2.6836,2.0600,2.2683,2.1498,2.6158,2.0883,2.2704,2.5411,1.5677,2.3082,1.2198,0.4312,0.6672,1.5148,0.5954,0.9268,1.5308,1.0744,0.5601,0.1369,0.7255,0.8559,1.2258,0.0029,1.0560,1.7876,0.9107,1.5133,2.1547,2.1855,2.2188,2.5006,2.2293,2.2180,3.0791,2.7262,2.7778,3.3527,3.4083
-0.7143,-0.0529,0.9932,1.3131,1.0625,0.3065,0.3138,0.5344,0.4798,-1.0884,-1.9839,-2.2948,-3.2467,-3.1843,-2.1843,-2.4643,-2.8652,-2.8130,-1.2031,-0.9192,-1.6776,-0.2633,-0.8682,0.7681,0.5272,2.2471,2.3567,2.5397,2.1077,2.4709,1.7463,1.7299,1.9443,1.8330,1.8389,1.4134,1.5835,0.6446,0.7625,1.5334,1.9096,1.5013,1.1900,1.5759,1.6770,0.9588,1.3605,0.6123,0.9258,0.4924,1.2417,2.2296,1.5248,2.2203,2.8741,1.4394,2.5991,2.4902,2.3666,2.7302,3.3792,2.0774,2.3843,3.4925,3.4689
0.5412,1.6072,1.9230,0.7025,1.4560,1.7105,1.7411,0.2352,0.9208,-1.3156,-1.4555,-2.3156,-2.7229,-3.0416,-2.4304,-1.8913,-2.8517,-1.8157,-1.7111,-0.4040,0.2257,-0.4755,0.1072,1.4554,1.7858,1.3966,1.8359,2.3061,3.0445,2.1443,2.0810,0.8692,0.7239,1.7465,1.5316,1.4049,2.0510,1.4443,1.5507,1.4147,1.8429,1.4197,1.1541,2.0433,1.5964,2.3013,1.7738,0.8789,0.7875,0.9890,1.8789,2.1932,2.4869,2.7047,1.9382,2.2333,2.2031,2.4785,2.6781,3.7498,3.2114,2.0449,3.6908,3.9117,3.9228
-0.3875,0.8332,1.5454,1.9940,2.2533,2.4736,2.6947,1.4120,1.0136,-0.1083,-1.7830,-1.0290,-3.1936,-2.8820,-1.7651,-2.0504,-2.8189,-1.4010,-2.6856,-0.6219,-0.6659,-0.6675,-0.1364,1.0722,1.8787,2.2690,1.7215,2.7605,3.4186,2.1941,1.3569,1.6534,1.1682,1.1267,1.3868,0.8876,0.3676,0.7862,1.6700,2.1267,1.9812,1.2911,1.2384,2.2052,3.0825,1.8549,2.1110,1.4557,0.5021,1.5233,0.7670,2.1822,1.6769,2.3823,2.6380,1.6980,0.2208,2.7870,3.7403,2.3806,2.9716,2.9755,3.1133,4.2570,5.0492
0.9946,0.5480,1.0883,2.4681,2.4290,2.2171,2.5580,1.9531,0.3767,0.4829,-0.5490,-1.1070,-2.0713,-1.9440,-1.1963,-2.9465,-1.9633,-0.9732,-0.5162,-0.6506,-1.2259,-0.4279,-0.0795,1.6317,1.7983,1.5388,1.4675,1.1830,2.5224,1.6330,1.1983,1.8963,1.3737,1.2640,1.1172,1.1304,0.9125,0.7508,1.1129,0.7655,0.5751,1.2144,1.1831,1.9289,2.5731,2.3945,1.2089,0.8673,0.6432,1.9431,1.1940,1.8641,1.7271,2.0017,2.3106,1.0328,0.8920,1.8649,1.5812,1.7550,2.4029,2.7538,3.7663,3.6674,4.3175
1.1501,1.1222,1.8598,1.7815,1.9846,1.8201,1.8415,1.9288,2.1225,0.9802,0.7391,-0.3167,-1.2328,-0.5500,-0.7224,-1.6933,-0.8378,-0.9608,-0.7607,-1.1423,-1.1936,-0.6718,0.4557,0.3898,0.0950,1.1690,0.7721,1.3837,0.9013,1.5469,0.8357,1.2075,1.2751,0.8670,0.1763,0.1889,0.5873,0.6667,0.6422,0.8670,0.1023,0.2573,2.2161,1.7504,2.1391,1.6592,1.5033,1.5593,1.1388,0.6415,0.3124,1.3513,2.1998,1.1454,1.0900,0.3516,0.1155,2.3376,2.2758,1.5770,2.2059,2.4954,2.6318,2.1492,3.5217
1.4723,0.9331,1.7945,2.7458,2.9420,1.6094,2.1009,2.8022,2.1885,1.4378,0.2962,-0.4117,-0.1014,-0.4619,-0.4123,-1.3869,-0.6348,-0.6874,-1.4017,-1.4185,-0.7199,-0.4412,-1.0285,-0.9171,0.0028,-0.3685,-0.2768,0.3869,1.0897,1.7027,1.3559,0.9358,0.7563,0.4403,0.5780,0.1099,0.8942,0.9876,1.0088,0.9556,0.6801,1.1062,0.9605,1.8062,1.0372,0.8743,2.0159,2.3068,1.2620,0.6207,0.5576,0.5762,1.7672,0.7682,0.9412,1.4106,1.2272,2.6696,1.8669,1.0542,1.7839,2.8153,2.2828,2.1578,3.2484
1.8639,1.5267,3.1951,3.3130,3.3402,2.7748,1.5382,2.0464,1.5692,0.5832,-0.3578,-0.6383,-0.1326,-0.1647,-0.0242,-0.3939,-1.2646,-0.6312,-1.1831,-1.2155,-0.5394,-1.4509,-2.0799,-1.4545,-2.1960,-0.5987,-0.4836,0.7357,1.1036,1.5359,1.3261,0.6549,0.4232,-0.0886,0.8218,-0.0460,1.3361,0.3188,1.6083,0.8841,0.4873,0.8082,1.2355,1.4599,2.7625,2.1248,2.2151,2.5460,1.0376,0.6991,0.6217,0.9057,1.2664,1.2106,1.8632,1.7415,1.5225,1.8194,0.6487,1.1389,1.7668,2.1499,1.9385,1.7731,1.4103
2.2606,2.4787,3.1667,3.4324,3.4024,3.2446,2.3697,2.3780,1.9393,1.4321,0.3137,0.0995,0.3067,0.5822,0.5334,0.3942,-0.4906,0.0215,-0.8207,-0.5536,-0.8575,-1.1885,-0.4344,-1.0631,-1.0300,-1.6350,-0.7383,0.5565,0.6735,0.3626,0.1597,1.0191,0.7041,0.1798,0.8048,0.6154,-0.2031,-0.7519,0.1103,0.0022,0.8737,0.7838,1.3526,0.2921,1.8484,2.1914,2.2578,1.7902,1.4827,-0.0927,0.6521,0.4684,0.3116,0.5232,-0.2805,1.1395,1.8930,1.5126,1.5568,0.5983,1.5809,1.0415,1.9223,1.3849,1.2452
3.3448,2.6969,3.8147,3.8695,3.5652,2.6250,3.3046,2.6241,1.9255,1.3070,0.8797,-0.1318,0.8882,1.4024,-0.3754,0.1877,1.0107,-0.1127,-1.0192,-1.0461,-0.8903,-1.2646,-0.9892,-0.9270,-1.8602,-1.8190,-2.0821,-1.3355,0.2799,0.4613,0.4326,-0.1530,0.5907,0.2824,1.0458,1.0416,0.9100,-0.2816,-0.8831,0.5339,-0.1097,0.6023,0.4777,0.4943,0.6616,0.8673,1.8587,1.2895,1.8331,-0.1396,-0.3502,0.1249,0.2212,-0.3538,-1.2780,-0.1425,2.4589,1.5239,2.7100,1.4587,0.6074,1.2462,1.6704,1.8537,1.9951
2.6120,2.4977,3.6282,4.6301,2.9935,3.0540,3.4206,3.7228,2.6783,2.2076,1.8037,-0.6186,0.4194,0.3136,-0.5831,0.0612,-0.2712,0.2897,-0.6269,-1.4898,-2.1717,-2.1634,-2.1473,-1.1663,-0.4175,-2.0373,-2.3296,-1.4536,-0.1338,-0.0506,-0.4718,-1.0513,-0.1784,-0.0579,0.1627,0.7622,0.3706,-0.7116,0.1669,-0.5168,0.4036,1.0738,0.4975,0.7742,-0.4515,-0.7589,0.9846,0.1313,0.1591,-0.2531,-0.4203,-0.4841,-0.6810,-1.6078,-1.1498,-0.1095,1.4934,1.8795,1.7601,0.7341,0.7699,0.9474,1.4400,2.1055,1.8821
3.0011,3.0215,3.5335,2.8552,3.3668,3.3555,4.1788,4.1749,2.9472,2.6749,1.6026,1.1519,3.0181,1.0280,0.2355,-0.2719,-0.3605,-1.2018,-0.8897,-1.5934,-2.8650,-2.5273,-1.6455,-0.6406,-0.8847,-1.1873,-2.5380,-1.1595,0.2450,-0.5977,-0.4469,-0.5869,-0.0532,0.0053,-0.7802,0.4170,1.1361,0.8661,0.9586,0.2104,-0.5690,0.1326,-0.5153,-0.3859,0.5929,-1.2581,-0.3488,-0.5338,0.2341,-0.9803,-0.9616,-0.8524,-0.6276,-1.3727,-1.2204,-0.3453,1.5214,0.7181,0.1413,0.1876,-0.0741,0.7474,1.5512,1.7253,2.0616
2.9007,2.7333,3.2741,2.6925,2.7186,3.6008,3.7542,3.7311,2.9110,3.1346,1.1599,0.9744,1.2189,0.7130,0.5339,0.1524,0.0751,-0.0707,0.8496,-0.7287,-1.5343,-2.1641,-1.5856,-1.3252,-0.5499,-1.2830,-1.0755,-1.9314,-0.9378,-1.3318,-0.8705,0.6076,-0.2005,-0.2809,-0.3424,0.8981,0.7964,2.1703,1.2085,0.7729,-0.0485,-0.3486,-1.1179,-1.1544,-0.1912,-0.6894,-0.7900,-1.6213,-0.4783,-0.2904,-1.0482,-1.4994,-2.2325,-2.4350,-1.8791,-1.4968,-0.4314,-0.3423,0.8460,-0.0202,-0.1969,0.4989,0.7542,1.8967,2.7042
4.4772,3.6252,4.3560,3.0090,2.1227,2.5508,2.7747,2.1397,1.7571,2.3748,1.3761,0.8407,0.2875,0.7396,0.1124,0.3235,0.1699,0.2382,-0.8319,-0.6513,-2.0827,-2.2401,-1.3421,-1.5951,-1.8501,-1.0430,-2.9551,-1.6193,-0.6293,-1.2106,-0.0307,-0.5313,0.6669,0.5358,-0.0388,0.9341,1.7382,1.9330,1.2529,-0.2055,-0.6254,-1.2091,-0.9266,-1.1227,-0.5737,-0.2565,0.2367,-1.1982,-1.2114,-1.6082,-1.9270,-2.3960,-2.7516,-3.1176,-2.8549,-1.9258,-0.4871,-0.0953,-0.1312,-0.5938,0.2370,0.0795,0.4864,0.9678,1.9462
2.5970,2.5770,3.3457,3.2709,2.3529,1.9917,1.7495,1.5417,1.0148,1.7275,0.7408,0.7819,0.6432,-0.5659,0.5185,1.3937,1.4433,0.8754,0.7934,0.5142,-1.5248,-1.4472,-0.7179,-1.0168,0.0097,-0.7662,-0.6644,-0.8629,-0.3798,-0.2239,0.0995,0.1682,0.2976,0.6214,0.7228,0.6465,1.5045,1.6873,0.4923,0.3939,0.7726,-1.1332,-1.0042,-1.1882,-0.7290,-0.3179,0.1680,-1.0276,-0.6289,-1.6905,-1.8187,-0.6132,-2.4045,-2.6767,-2.3215,-2.9012,-1.5815,-1.4115,-1.1793,-0.8656,-0.3990,-0.6574,-0.5123,0.4444,0.9089
2.0277,2.4899,3.1674,3.0821,2.3070,1.8229,1.7574,0.3457,0.1211,1.2297,0.2202,0.3803,1.5119,-0.3809,-0.8358,0.7462,2.1081,1.1996,1.3168,0.6341,-0.0026,0.0638,0.5246,-0.2907,2.2206,-0.0581,-0.0822,-0.4474,-0.5854,-0.2497,0.6368,0.8423,1.7194,1.6057,0.7799,0.8206,1.8200,1.8122,0.1278,0.5896,1.2386,-0.1306,-1.9796,-0.4363,-0.5081,-0.9786,-1.5991,-1.2345,-0.4941,-1.9232,-2.3648,-2.7452,-2.1537,-2.9847,-2.4606,-2.3507,-3.0231,-1.8694,-1.4932,-1.5359,-0.5903,-0.9285,-0.6723,0.5833,1.4747
1.4838,2.1476,1.9498,2.2836,2.0811,1.9060,0.4437,0.5386,0.0173,0.6760,-0.0605,-0.3900,-0.3734,-1.0897,-0.1355,1.0360,0.5667,0.5026,0.8793,1.8731,-0.1695,-0.3882,0.3754,-0.6952,0.6140,0.0154,-0.7101,-0.3662,-0.1495,0.0953,0.4980,0.3390,0.6298,0.5613,0.2209,0.6301,1.6559,1.3783,0.5511,0.9999,0.7449,-0.1286,-0.1320,0.1309,-0.0357,-0.4683,-0.7071,-1.3069,-1.5889,-2.1756,-3.1054,-3.3018,-2.7862,-3.0333,-2.8806,-2.8542,-2.5255,-2.5507,-2.0443,-1.9600,-1.1901,-2.1212,-1.3593,-0.2547,-0.3614
1.3811,1.3601,0.5757,0.9102,1.0003,0.9083,-0.1204,0.5898,-0.0155,-0.4150,-0.0035,0.0079,-0.7940,-0.2521,-0.5621,0.4730,0.2162,1.0523,1.9101,0.3820,-0.6721,0.0324,-0.6157,-0.3859,0.0047,0.0373,-1.3868,-0.5217,0.0035,0.5209,-0.1417,0.5357,0.5328,-0.2616,0.1987,0.6056,0.8996,0.5427,0.1833,0.7498,0.5946,0.4009,-0.2947,0.5163,1.4675,-0.2684,-2.4731,-1.0998,-2.0636,-2.9426,-3.0705,-2.9235,-2.1868,-3.0428,-2.6271,-2.8833,-2.7999,-2.4066,-3.4264,-2.2229,-1.0731,-1.7284,-0.6098,-1.6973,-1.6639
0.4235,0.7505,0.3853,0.4284,0.3283,0.9936,-0.0008,0.6512,0.1011,0.0597,0.0811,-0.1904,-0.2027,-0.3397,-0.5316,-0.0475,0.6673,1.3145,0.0545,0.0604,0.3722,0.4770,-0.1471,0.2674,-0.9048,-0.7872,-1.1100,0.2711,0.2516,1.1482,0.9277,0.6239,1.0392,0.8302,-0.1144,-0.4770,0.7714,0.2347,0.5372,1.6330,1.3524,0.2850,-0.0306,1.3138,1.1601,-0.0064,-1.8888,-1.9603,-2.4023,-3.3272,-2.7180,-2.5327,-2.5326,-3.2674,-2.5670,-3.8890,-3.0888,-2.7532,-2.9064,-2.5131,-0.9710,-0.7954,-1.5655,-2.1575,-2.2052
-1.1417,-0.0795,-0.4414,-0.1132,1.4610,1.5307,0.7710,0.7359,0.5420,0.0915,0.3177,0.0336,0.3290,-0.0062,0.5167,0.2799,0.4497,0.3696,-1.1318,0.1861,1.2637,0.4091,0.1820,-1.4099,-2.5290,-0.9812,-0.4568,-0.2282,1.0449,1.5677,-0.2908,0.6540,0.8898,0.0643,0.4339,-0.1107,0.3385,0.2480,0.7889,1.5470,1.2021,0.6883,0.4525,1.1539,1.7764,-0.5430,-2.5419,-2.6878,-4.2446,-3.6290,-2.5014,-2.7573,-2.9667,-3.0540,-3.0433,-2.9454,-2.8943,-2.7212,-3.0346,-1.8756,-1.8023,-1.2032,-1.1515,-1.9936,-3.9384
-0.0154,-0.5931,-0.2557,-0.0988,-0.4876,0.1140,-0.2520,-0.2581,0.0558,0.5952,0.1286,-0.7431,-0.8371,1.0993,0.1499,0.0766,0.0318,-0.6751,-0.1258,0.9804,1.7182,0.8683,0.7016,-0.7107,-0.5022,-0.2313,-0.9941,-0.8580,0.3664,-0.2697,0.3280,0.9859,-0.1751,-1.1912,0.0457,0.7193,0.7197,0.5529,-0.1429,0.6926,0.2702,0.1749,-0.7188,0.2798,-0.2840,-1.8310,-2.0715,-3.4149,-3.6975,-3.6794,-3.3347,-3.8230,-3.9838,-3.9238,-3.1758,-3.6576,-3.1247,-2.9721,-2.6081,-2.1604,-2.4299,-2.0730,-1.8730,-1.0095,-2.6710
-1.6311,-1.4239,-1.9665,-0.8260,-0.2105,-0.8442,-0.8543,-1.2463,0.3174,0.5560,-0.3090,-1.0609,-1.2451,-0.0705,-0.0344,-0.1795,0.4994,-0.0116,0.7584,1.1546,1.3603,1.3272,1.8122,0.2050,-0.6624,-0.6186,-1.9891,-0.7904,0.6999,0.0474,-0.0021,0.6184,-1.0036,-0.0928,-0.4599,0.0347,0.6718,0.2538,-0.5761,-0.0798,0.7899,0.1358,-0.3948,-1.8468,-1.9648,-2.3876,-2.1765,-4.0498,-4.7441,-3.6367,-4.3211,-4.8763,-4.2822,-3.8251,-4.8318,-3.9008,-3.4727,-2.8406,-1.7674,-2.6114,-2.1548,-0.8563,-0.4680,-1.4070,-2.5820
-0.8178,-1.2004,-1.2503,-0.9396,-1.3424,-1.0778,-0.7854,-0.0809,0.3929,-1.9221,-0.7731,-1.1933,0.0295,0.5259,0.3025,-0.5036,0.5331,0.1561,-0.1790,-0.4472,-0.0899,0.3392,0.5883,1.0690,0.1554,0.5421,0.1557,-0.0549,0.5487,0.6282,0.3595,0.1819,-0.9204,1.2859,-0.2521,0.2885,-0.1665,0.2381,-0.3300,-0.9307,-1.1376,-0.8489,-1.7732,-2.9779,-2.5254,-2.4264,-2.6844,-3.3485,-4.2166,-3.9182,-4.7314,-5.3366,-4.2859,-3.9981,-3.7435,-3.1881,-3.7170,-2.8905,-2.5033,-1.8477,-1.8100,-1.2119,-0.2884,-0.6727,-1.4212
-0.1991,-0.0605,-0.3366,-0.6088,-1.2518,-1.5837,-1.9331,-0.6126,-0.6478,-0.1604,-0.9919,-0.8089,0.1989,0.0027,0.0104,-1.3814,-0.6401,-0.8984,-1.0752,-1.6609,-2.3482,-0.8744,-0.9904,0.9507,0.8914,1.0681,1.2139,1.3211,0.5342,0.1994,1.4262,0.6602,-1.2693,0.8022,-0.0279,0.3562,-0.0343,-0.7603,-1.0615,-1.1582,-0.7741,-1.5887,-2.5293,-1.7231,-1.5251,-2.6115,-3.1539,-3.2814,-2.6070,-3.6850,-4.0502,-4.4809,-3.4200,-3.9809,-3.9218,-3.6551,-2.9735,-2.7294,-2.9729,-2.5137,-1.6665,-1.0937,-1.3875,-0.5827,-0.3290
-0.1298,0.1376,-0.5887,-1.2505,-1.2069,-1.4201,-0.7413,0.1045,-0.2497,-1.0301,-0.6680,-0.2272,-0.8203,-2.0826,-0.3493,-1.5610,-1.3600,-1.1154,-1.5567,-2.7531,-2.1568,-1.4326,-0.2994,0.9323,1.2401,1.2659,1.7408,0.9367,0.8789,0.4551,1.1581,0.6010,-0.7043,-0.6134,0.5226,0.3674,0.6847,0.1421,-1.1696,-1.4458,-1.3421,-0.8347,-2.3453,-1.3064,-2.3633,-2.2784,-2.5217,-3.2188,-2.1854,-2.2142,-2.9216,-3.5171,-3.5664,-2.9204,-3.3835,-3.0564,-2.2781,-2.6334,-2.2102,-2.4824,-2.0269,-0.7833,-0.6911,-0.9616,0.7610
0.8083,-0.3117,-1.6909,-0.8139,-1.5575,-0.9988,-2.0518,-0.8122,-1.2045,-1.0650,-0.6399,-0.9589,-0.6292,-0.6150,-0.5564,-0.8914,-1.3474,-1.3579,-1.1663,-0.6647,-0.6520,-0.6938,1.0856,0.4895,2.1834,1.7276,2.4877,1.5046,1.2398,1.2390,1.4100,-0.0316,-0.6001,-0.6890,-0.4719,0.0402,0.7909,-0.3080,-0.6727,-1.5051,-1.2183,-1.2607,-2.2333,-2.2554,-1.6397,-1.9688,-1.8211,-2.3952,-3.2481,-3.1936,-2.4172,-3.0444,-3.3145,-3.0011,-3.9509,-2.5259,-2.7248,-1.8870,-2.0289,-1.4329,-0.6884,-0.5320,0.2336,0.2054,0.2166
0.3187,0.2840,-0.4400,-0.9996,-1.6639,-0.6940,-0.9569,-1.1849,-1.2078,-0.5600,-1.3003,-1.6995,0.3483,-1.3224,-1.3467,-1.2835,-2.1380,-2.3845,-0.9993,-1.6213,-0.2779,-0.1689,0.0356,1.1962,1.5233,0.8920,1.6068,1.0940,1.4423,0.5319,-0.0866,-0.3281,-0.8338,-0.7796,-0.8247,-0.7328,-0.2952,-0.4347,-0.2429,-0.5979,-1.5217,-1.8674,-2.5193,-3.3179,-2.5965,-2.6961,-2.1026,-1.7061,-2.7960,-2.9089,-3.1971,-2.8946,-2.9054,-2.3107,-2.3978,-2.8479,-2.4193,-1.4429,-1.3585,-0.5428,-0.7391,-0.3379,-1.1681,-0.0487,0.2301
-0.1508,-0.2878,-1.8227,-1.1423,-0.7859,-1.3211,-0.9066,-1.2615,-2.4371,-1.7737,-1.9218,-1.5907,0.2308,-1.2816,-1.5643,-1.7164,-2.3006,-1.3570,-2.0567,-1.2328,-0.9700,-0.3668,1.6274,1.0946,1.0661,0.4056,-0.5755,0.9824,1.1123,1.0535,-0.3263,-0.0258,-1.2846,-0.9964,-0.8663,-0.7398,-0.3536,-0.9763,-0.0765,-0.8381,-0.9778,-2.0687,-2.8162,-2.3067,-1.8794,-2.0002,-1.1616,-1.6401,-2.3552,-2.3710,-2.9105,-2.5208,-2.4938,-2.4434,-3.4640,-3.0983,-2.4221,-1.6872,-1.8484,-0.9035,-0.7742,-0.9371,-1.4995,-1.4260,-1.2656
0.3253,-0.3643,-1.0245,-0.2700,-1.2231,-1.7232,-1.6065,-1.5264,-1.8159,-1.8683,-2.9612,-2.3139,-1.7535,-1.5560,-1.2214,-1.1120,-1.2087,-1.3367,-0.6300,-0.8158,-0.9217,-1.4651,-0.6607,0.1971,0.6958,0.3582,1.2634,1.3156,0.8550,0.4182,0.7388,1.3967,-0.0691,-0.6610,-1.1810,-1.1284,-0.0164,-0.8531,-0.4065,-2.2571,-1.7256,-1.6923,-2.1132,-1.9468,-2.3049,-1.1168,-0.5857,-0.7889,-1.5096,-1.5488,-1.7157,-2.4053,-1.2733,-2.4800,-3.2247,-3.3057,-2.6253,-1.4851,-1.2640,-0.8951,-1.3615,-0.6870,-1.4283,0.0712,-0.0696
-0.5203,-1.3548,-1.0635,-1.3427,-2.0540,-0.5591,-0.4605,-0.9038,-1.5924,-1.6867,-3.8240,-2.6591,-2.3548,-1.9611,-1.6049,-2.0369,-1.9574,-1.1631,-0.5360,-0.7679,-1.1444,-0.7360,-1.3274,-0.1555,-0.3747,0.9378,0.3848,1.2630,-0.2470,0.4530,0.7482,0.8221,0.2192,-0.9929,-1.1141,-0.9976,-0.2345,-1.0320,-0.0195,-1.6642,-2.6245,-2.8693,-3.6619,-2.6436,-2.6855,-1.1128,-1.5714,-1.5026,-1.6219,-1.3100,-1.5512,-1.7555,-1.0608,-3.2089,-4.3170,-2.6251,-1.9938,-1.6123,-1.9173,-1.9533,-1.5435,-1.2864,-0.4226,0.3092,0.4469
-0.6042,-0.6212,-0.8737,-2.2367,-1.7200,-0.9084,-0.9238,-0.4197,-1.8017,-1.4852,-2.0965,-2.1622,-1.9476,-2.6358,-2.7526,-1.9194,-2.7702,-2.6150,-2.0049,-0.8155,-0.2825,-1.2033,-0.9976,0.3516,0.4517,1.6050,0.5203,0.1351,-0.7298,-0.1306,0.1385,1.1745,-0.3119,-1.1522,-0.5059,-0.8105,-1.3501,-2.1478,-1.0939,-1.6030,-1.8844,-3.3721,-3.1114,-1.2699,-1.9210,-0.8689,-0.8286,-1.2037,-0.9746,-1.3975,-1.6266,-2.2966,-2.6095,-3.6126,-3.4203,-2.4552,-2.7121,-2.3422,-2.2297,-2.1876,-1.9413,0.2959,-0.0784,0.4886,0.9351
-1.0875,-0.5047,-2.6894,-1.6948,-0.5856,-1.2285,-0.8247,-1.6178,-2.7959,-2.7489,-3.0672,-2.3551,-1.5854,-2.2480,-2.9173,-3.7935,-4.3469,-3.0473,-2.0209,-1.0725,-0.3762,-0.6707,-0.3672,0.3716,0.6043,0.2761,0.6501,0.2931,0.0003,0.1862,-0.7115,0.0099,0.1194,-0.8518,-1.4581,-1.1004,-1.6413,-0.9622,-0.8391,-1.3197,-2.8879,-2.5212,-1.7834,-1.6281,-0.8438,-0.4871,-1.5728,-1.1342,-0.7838,-0.4644,-0.1940,-2.2719,-3.8550,-2.8478,-2.5354,-1.9828,-2.7452,-2.2764,-3.7766,-3.2660,-3.3868,-0.7451,0.0976,-0.1444,0.2111
-1.0850,-0.7189,-1.0635,-1.4485,-1.2397,-1.6994,-1.8929,-1.4953,-2.8630,-2.9775,-2.3978,-2.2835,-1.3126,-1.9203,-3.0185,-3.8936,-2.8259,-1.5452,-0.6453,-0.8090,-0.4907,-1.1300,-0.8683,-1.5455,-0.7727,0.5929,0.3208,0.9122,-0.0014,-1.1443,-0.7069,-1.1279,-0.0803,-0.5794,-1.7624,-1.6848,-0.7809,-1.5786,-1.0106,-1.5464,-2.5275,-3.4022,-1.5838,-1.7748,-1.6313,-2.4320,-1.9849,-1.0022,-1.7447,-1.6113,-1.8604,-1.8985,-2.4295,-3.1695,-3.1874,-2.8727,-2.4331,-3.3428,-3.4939,-2.8385,-2.8488,-1.4931,-1.6942,-1.6641,0.0147
-2.1100,-1.8285,-1.7766,-1.2795,-2.0433,-1.5673,-1.7125,-1.4148,-1.6966,-1.4176,-1.6057,-1.7210,-1.6859,-1.9057,-1.8403,-1.6584,-2.0725,-1.5068,-1.7226,-0.5573,-0.3844,-0.6532,-1.6224,-0.5167,-1.1695,-0.1137,-0.1096,0.3117,-0.4421,-0.5589,-0.7235,-0.2869,-0.7034,-0.5006,-2.5401,-1.4732,-0.8734,-1.2322,0.0971,-1.6623,-2.2010,-1.9958,-1.8674,-0.9139,-1.9893,-2.4113,-1.5280,-2.2505,-2.4806,-2.2455,-1.5501,-1.1545,-1.8293,-3.0765,-3.4562,-2.5673,-3.3520,-2.9590,-3.5518,-3.1769,-2.8257,-2.5774,-2.5195,-1.2376,0.4793
-3.1742,-2.3475,-2.3420,-2.3756,-1.9261,-2.2435,-1.2858,-0.5154,-1.6325,-1.7477,-2.0743,-1.4498,-1.7232,-1.9885,-2.3326,-1.0487,-1.4404,-2.1923,-1.6059,-1.2190,-0.6878,-0.6557,-1.3859,-0.1804,-0.1580,0.3666,-1.0095,-0.5250,0.0220,-0.5609,-0.7141,-0.6557,-1.0554,-0.4451,-1.3949,-1.5130,-1.4349,-1.8996,-0.7268,-2.4553,-1.6642,-2.9312,-2.4506,-2.5840,-2.5763,-2.7272,-2.9401,-3.7622,-2.2541,-1.9448,-2.6428,-2.7755,-2.7152,-2.3508,-2.2114,-3.3816,-3.4903,-3.0068,-3.9361,-3.2540,-3.3889,-3.0789,-2.3077,-1.8470,-1.0981
-3.3789,-2.0207,-1.7123,-1.8242,-2.8029,-2.1650,-2.3789,-1.4107,-2.1906,-1.8652,-1.3918,-2.4748,-0.5815,-2.4734,-1.9688,-2.3410,-2.3468,-3.0917,-2.4884,-2.0553,-0.2586,-0.4464,-0.4570,-0.3326,-0.0238,-0.3704,-0.3871,-0.7509,-0.3249,-0.1114,-0.3900,-0.6626,-0.6565,-0.1906,-0.2432,-1.0011,-2.2676,-1.6835,-2.1387,-2.8234,-2.5798,-2.3361,-2.9372,-3.0096,-3.9647,-4.2220,-3.2653,-3.5424,-2.1321,-2.5903,-2.7864,-1.6965,-2.4459,-2.7954,-3.3844,-3.8838,-4.7858,-3.4620,-2.6075,-4.0721,-3.8293,-3.0089,-2.6430,-1.7118,-1.4694
-2.5534,-2.8045,-2.3759,-2.6067,-2.6388,-2.6872,-2.5926,-2.0413,-1.7351,-1.6999,-2.0225,-2.3950,-1.6917,-2.1505,-1.9893,-2.4395,-1.6491,-1.1401,-2.8138,-3.3577,-2.2853,-0.8471,-0.6588,-0.0298,-0.9225,-0.9305,-0.4764,-0.1021,0.2424,-0.2643,0.0616,-0.3449,-0.3192,-0.0388,-0.6794,-2.1731,-1.5838,-1.3457,-3.1625,-3.0730,-2.6564,-2.1062,-3.1317,-2.6578,-3.2860,-4.0804,-4.2487,-4.1828,-3.0538,-3.8691,-4.1035,-2.9316,-2.8761,-3.4473,-2.9473,-3.4877,-3.8014,-2.4368,-2.8387,-3.6234,-2.6243,-2.2074,-1.3762,-1.2420,-1.4198
-2.3881,-1.9336,-2.4016,-2.6206,-2.7901,-2.3925,-3.0809,-1.8239,-2.5290,-1.8218,-2.3724,-2.6525,-1.6935,-1.9803,-2.1946,-2.0347,-1.6478,-2.0090,-2.2561,-2.3143,-2.6283,-0.5461,-1.3605,-1.1184,-0.9925,-0.7341,-0.9593,0.1139,0.9249,-0.1945,0.1357,-0.5167,-0.9072,-1.8155,-2.1956,-1.7142,-1.4141,-1.7871,-3.7256,-2.8565,-3.4935,-3.5136,-4.4828,-4.2348,-4.1979,-4.3114,-4.6433,-4.2418,-4.4177,-3.9778,-4.5441,-4.2860,-3.1790,-2.9358,-2.6686,-2.4783,-2.2258,-2.4059,-2.8990,-3.0595,-2.0402,-1.6029,-1.1800,-0.7395,-0.6132
-3.1116,-2.9368,-3.2594,-3.2413,-3.2336,-2.9429,-3.3955,-3.1927,-3.6142,-4.0558,-3.0775,-3.0996,-2.4049,-1.6564,-2.2022,-2.2007,-2.0140,-2.4483,-2.2125,-2.0541,-1.8847,-1.6566,-1.2174,-0.4387,-0.3088,0.1451,0.7619,0.7407,0.5461,0.1473,0.4118,0.0855,-1.3493,-3.0814,-2.9960,-2.3863,-2.4915,-3.2792,-2.5078,-3.2837,-3.1242,-4.7999,-5.0295,-4.3677,-5.6079,-4.0861,-4.1709,-4.3425,-4.9837,-3.4316,-4.3318,-3.3335,-2.9412,-3.5012,-3.2048,-2.0650,-3.1070,-2.3319,-2.8479,-2.7704,-3.2005,-2.0430,-1.5147,-0.4873,-0.4086
-2.6775,-2.9766,-2.6683,-3.7495,-3.7026,-3.3230,-3.9018,-4.7083,-4.3946,-2.9902,-2.2847,-2.2018,-2.9354,-2.2363,-2.3586,-1.5357,-1.2169,-1.6325,-1.1083,-2.2500,-0.8712,-1.1087,-0.9970,0.5704,0.5433,-0.1415,-0.0701,-0.0801,-0.5014,0.0544,-0.6208,-1.1515,-3.0675,-3.5307,-3.0329,-2.8714,-3.9544,-3.4412,-3.2343,-4.0103,-4.7045,-4.0506,-4.2448,-4.4723,-4.7589,-4.7242,-4.2959,-4.7285,-4.6635,-5.0360,-4.2909,-3.6843,-3.3949,-4.1181,-2.4913,-2.0564,-1.9328,-2.4584,-2.2133,-3.2453,-4.4885,-3.1953,-2.2206,-1.3020,0.4842
-3.9250,-3.6338,-3.4095,-3.6067,-4.3602,-2.8558,-4.0537,-4.6931,-3.8176,-3.1142,-2.3135,-2.3211,-2.9566,-3.0213,-2.0909,-1.6426,-1.5021,-1.5600,-1.5172,-2.0245,-1.1291,-2.2616,0.0683,0.2809,0.4565,-0.2178,0.1209,-0.3687,0.1977,0.4172,0.1661,-0.6785,-1.4135,-2.3518,-2.5857,-2.1812,-2.6806,-2.3201,-3.0927,-3.6481,-3.4474,-3.6040,-4.3939,-5.3745,-4.4736,-4.5370,-4.1387,-4.7630,-5.1231,-4.5759,-4.4717,-4.1287,-4.7111,-4.3844,-3.7730,-4.2924,-3.2082,-2.8563,-3.2298,-3.8540,-4.4386,-4.5008,-2.4962,-1.5317,-1.1749
-4.1272,-3.2450,-3.3380,-3.7101,-4.5214,-3.3843,-3.6710,-3.4251,-3.9807,-2.8377,-3.8827,-3.1310,-2.1844,-2.4046,-1.2150,-1.6295,-1.0035,-1.5554,-2.3442,-1.4224,-1.3870,-0.9034,1.0254,0.1527,-0.1384,0.8499,0.8656,0.2413,0.0250,0.7973,0.7713,-0.9242,-0.9291,-1.1474,-1.7967,-2.2774,-1.7016,-2.6218,-2.0951,-2.2108,-2.3602,-3.2009,-4.1472,-4.5477,-3.0836,-3.1615,-3.8580,-5.0252,-4.8192,-3.8641,-4.6570,-3.6120,-4.6755,-5.1795,-4.3862,-4.2337,-4.2360,-3.8351,-3.2887,-3.9709,-5.5243,-3.8556,-2.5670,-2.2869,-1.9901
-3.8420,-4.6051,-3.6748,-4.0253,-4.5853,-4.7936,-3.7003,-2.9879,-3.0930,-3.1485,-2.8065,-2.0163,-1.7601,-2.3266,-2.4508,-2.7095,-1.9047,-1.2881,-2.4047,-1.3394,-1.5200,-0.6289,0.1414,0.0801,1.1882,0.9847,0.6690,0.3919,0.5888,0.8349,-0.0279,-0.5642,-0.2367,-1.2107,-0.8911,-0.4242,-1.6489,-1.6397,-3.0217,-3.8572,-3.1566,-3.3918,-4.5680,-4.4208,-4.5172,-3.7155,-4.3707,-5.6626,-5.6394,-4.6331,-4.4252,-3.9482,-5.5111,-5.3391,-4.3883,-3.9396,-4.0565,-3.6229,-3.4859,-3.8250,-4.5175,-4.4783,-3.1263,-2.8320,-3.3375
-4.5547,-4.8261,-4.6747,-4.0316,-4.1175,-4.2996,-3.3176,-3.2455,-2.4697,-3.4611,-3.6684,-3.3791,-3.1506,-1.9880,-1.7502,-2.2710,-1.8803,-1.7326,-1.5637,-2.1770,-1.7592,-2.1157,-0.8474,-0.3792,2.4484,1.4775,0.9045,0.3193,0.9443,0.2704,0.2777,0.2500,-0.8294,-0.5506,-0.6404,-0.3769,-1.4617,-1.8567,-3.4439,-2.7998,-3.2128,-3.6449,-5.4428,-5.2855,-5.2292,-4.8274,-4.8465,-5.1620,-5.1548,-4.8088,-4.7088,-4.6080,-3.7470,-2.9812,-2.6127,-3.3171,-3.2453,-2.8512,-3.3358,-3.6551,-4.5274,-3.9335,-3.4481,-4.4572,-4.2805
-4.3000,-5.5171,-5.2770,-5.2373,-4.8668,-4.3537,-5.1611,-3.7673,-3.2064,-3.5577,-3.4401,-3.3359,-3.2230,-1.9802,-2.5898,-2.8683,-2.6448,-1.4432,-1.4625,-1.7052,-1.9561,-1.4473,-1.5157,0.0119,1.0804,1.2703,0.8450,0.8606,0.9744,0.5512,1.0121,0.8158,0.8393,0.6861,-0.1745,-0.7643,-1.3681,-2.0124,-2.4684,-2.7464,-3.9138,-3.7930,-4.8239,-5.3219,-5.2921,-4.7433,-4.7506,-5.7683,-5.1515,-4.9250,-5.4153,-3.7380,-4.1763,-2.8560,-2.9250,-3.2578,-3.5084,-3.5687,-3.7697,-3.9687,-5.0762,-5.0557,-5.0593,-4.5908,-4.7819
-4.1130,-4.1524,-4.9471,-3.7107,-4.4730,-3.8668,-4.5168,-3.9934,-4.1889,-3.2687,-4.1071,-3.4658,-4.1545,-3.5898,-3.5003,-3.7971,-2.7611,-2.4226,-1.8692,-1.5161,-1.6525,-2.1660,-1.7376,-0.4663,1.2168,0.3946,-0.0573,0.3453,0.6337,0.8397,1.2895,0.9128,0.4294,0.6734,0.4999,0.3204,-0.8885,-2.1011,-2.0423,-3.1916,-3.9579,-4.2851,-4.2702,-4.5464,-5.7216,-5.1016,-4.9020,-5.7752,-4.2905,-5.1322,-4.1259,-5.1314,-4.6901,-3.3261,-2.2525,-2.8681,-2.8394,-4.2313,-5.2139,-4.9509,-4.9380,-4.9549,-4.2758,-4.8323,-5.4068
-3.3586,-3.3541,-4.0160,-3.5537,-3.3242,-3.1896,-4.1499,-3.8341,-4.4291,-3.6748,-3.7851,-4.3266,-5.3060,-4.3174,-3.4691,-3.8719,-4.0362,-2.7344,-2.4274,-1.2244,-1.2687,-1.2192,-0.8481,-0.3499,-0.5043,0.4838,-0.0981,-0.1133,0.4126,1.2938,1.7933,1.4348,1.2641,0.5141,0.3857,-0.7292,-1.0875,-2.9138,-3.3769,-3.7929,-3.7880,-4.2340,-4.0643,-4.0272,-5.0717,-4.4777,-5.2700,-6.3260,-6.4127,-5.5110,-5.7712,-5.3018,-5.8439,-3.9392,-3.7339,-3.6545,-5.0652,-4.2293,-4.7978,-6.3287,-5.6782,-4.6893,-4.9833,-5.4467,-5.7876
-2.3739,-2.7911,-3.1316,-2.7859,-2.3561,-3.4231,-2.5720,-3.9880,-5.0806,-4.2198,-4.3514,-4.7341,-5.2663,-4.2622,-3.6839,-4.6632,-4.5615,-3.1916,-3.1520,-1.9846,-1.1132,-1.2893,-0.5560,-0.2613,-0.2607,0.4119,-0.4470,-0.4778,0.9993,0.7865,0.5460,2.0079,2.2284,1.4164,1.6543,0.5714,-0.3969,-2.0654,-3.7408,-4.2018,-4.3575,-4.9995,-3.9717,-4.4236,-3.8959,-5.6634,-6.2795,-6.9006,-7.8152,-6.0678,-5.2034,-4.8622,-5.1007,-4.4570,-4.6233,-4.2215,-5.0444,-4.4424,-5.3514,-5.9770,-5.8811,-5.5560,-4.9371,-4.6386,-6.6958
